Workbook
Name Rate: Refs!$B$1

Sheet Kinds
A1: text | B1: bold
A2: 12.5 | B2: 5
A3: TRUE | B3: =B2*2 -> 10 | D3: text | E3: bold
A4: =NA() -> #N/A | D4: 12.5 | E4: 5
A5: 43845 | D5: TRUE | E5: =E4*2 -> 10
D6: =NA() -> #N/A
A7: 007 | D7: 43845
D9: 007

Sheet Refs
A1: =B1 -> 0
A2: =$B$1 -> 0
A3: =B$1 -> 0
A4: =$B1 -> 0
A5: =SUM(B1:B3) -> 0 | C5: =D5 -> 0
A6: =SUM($B$1:B3) -> 0 | C6: =$B$1 -> 0
A7: =Other!B1 -> 0 | C7: =D$1 -> 0
A8: =SUM(Jan:Mar!B1) -> 0 | C8: =$B5 -> 0
A9: =SUM(B:B) -> 0 | C9: =SUM(D5:D7) -> 0
A10: =SUM(2:3) -> 0 | C10: =SUM($B$1:D7) -> 0
A11: =Rate -> 0 | C11: =Other!D5 -> 0
A12: ="B1"&B1 -> B1 | C12: =SUM(Jan:Mar!D5) -> 0
A13: =LOG10(B1+10) -> 1 | C13: =SUM(D:D) -> 0
A14: =Refs!B1 -> 0 | C14: =SUM(6:7) -> 0
A15: =SUM(Other!B1:B2) -> 0 | C15: =Rate -> 0
C16: ="B1"&D5 -> B1
C17: =LOG10(D5+10) -> 1
C18: =Refs!D5 -> 0
C19: =SUM(Other!D5:D6) -> 0

Sheet Other
E1: =F1 -> 0
E2: =$B$1 -> 0
E3: =F$1 -> 0
E4: =$B1 -> 0
E5: =SUM(F1:F3) -> 0
E6: =SUM($B$1:F3) -> 0
E7: =Other!F1 -> 0
E8: =SUM(Jan:Mar!F1) -> 0
E9: =SUM(F:F) -> 0
E10: =SUM(2:3) -> 0
E11: =Rate -> 0
E12: ="B1"&F1 -> B1
E13: =LOG10(F1+10) -> 1
E14: =Refs!F1 -> 0
E15: =SUM(Other!F1:F2) -> 0

Sheet Jan

Sheet Mar

Sheet OffSheet
A1: =#REF! -> #REF!
A2: =#REF! -> #REF!
A3: =SUM(#REF!) -> #REF!
A4: =A$1 -> #REF!
A5: =SUM(#REF!) -> #REF!
A6: =Other!#REF! -> #REF!
A7: =SUM(Other!#REF!) -> #REF!
A8: =SUM(Jan:Mar!#REF!) -> #REF!
A9: =Other!$A$1 -> 0
A10: =A$1+#REF! -> #REF!
A11: =SUM(#REF!) -> #REF!
A12: =SUM(B:B) -> 0
A13: =Other!$A$1 -> 0
A14: =A$1+A1 -> #REF!
A15: =SUM(2:3) -> #REF!
A16: =SUM(B:B) -> 0

Sheet Merged
A1: wide
A2: tall | E2: wide
C3: c3 | E3: tall
G4: c3

Sheet MergeEdge
A1: wide | D1: wide
A2: a2 | D2: a2
A3: tall | D3: tall

Sheet MergedWhole
A1: 1 | B1: 4 | E1: 1 | F1: 4
A2: 2 | B2: 5 | E2: 2 | F2: 5
A3: 3 | B3: 6 | E3: 3 | F3: 6

Sheet MergedPart
A1: 1
A2: 2
A3: 3

Sheet Notes
A1: noted
A2: link | B2: moved box | D2: noted
A3: inside | D3: link | E3: moved box
D4: inside

Sheet Over
A1: a | C1: a
A2: b | C2: b

Sheet Rules
A1: 1 | B1: 5
A2: 2 | B2: 4 | D2: 1 | E2: 5
A3: 3 | B3: 3 | D3: 2 | E3: 4
A4: 4 | B4: 2 | D4: 3 | E4: 3
A5: 5 | B5: 1

Sheet Onto
A1: 1 | E1: x
A2: 2 | E2: 1
A3: 3 | E3: 2
E4: 3

Sheet From
A1: 1 | C1: 7
A2: 2 | C2: 8
A3: 3 | C3: 9

Sheet To
C2: 1
C3: 2
C4: 3
E5: 8
E6: 9

Sheet Overlap
A1: 1
A2: 2
A3: 1
A4: 2
A5: =A3+A4 -> 3
A6: 4
A7: 5

Sheet Arrays
A1: {=B1:B3*2} -> 2 | B1: 1 | C1: {=_xlfn.SEQUENCE(3)} -> 1 | F1: {=G1:G3*2} -> 8 | G1: {=H1:H3*2} -> 4 | H1: {=I1:I3*2} -> 2 | I1: {=_xlfn.SEQUENCE(3)} -> 1
A2: 4 | B2: 2 | C2: 2 | F2: 0 | H2: 4 | I2: 2
A3: 6 | B3: 3 | C3: 3 | F3: 0 | I3: 3

Sheet SpillAnchor
A1: x | C1: x

Sheet SpillOver
A1: {=_xlfn.SEQUENCE(3)} -> #VALUE! | C1: x
A2: x

Sheet ArrayCut
A1: 1
A2: 2 | E2: {=A1:A2*2} -> 2
A3: 3 | E3: 4

Sheet ArrayWhole
A1: 1 | E1: 1
A2: 2 | E2: 2
A3: 3 | E3: 3

Sheet Hidden
A1: h | C1: h
A2: 1 | C2: 1
A3: 2 | C3: 2
A4: 3 | C4: 3
A5: 4 | C5: 4
A6: 5 | C6: 5

Sheet Filtered
A1: h | B1: x | C1: h | D1: x | F1: 1
A2: 1 | B2: x | C2: 3 | D2: x | F2: 2
A3: 2 | B3: x | C3: 4 | D3: x
A4: 3 | B4: x | C4: 5 | D4: x
A5: 4 | B5: x
A6: 5 | B6: x

Sheet FilterHand
A1: h | C1: h
A2: 1 | C2: 1
A3: 2 | C3: 3
A4: 3 | C4: 4
A5: 4 | C5: 5
A6: 5

Sheet HiddenColumn
A1: h | B1: g | C1: f | E1: h | F1: f
A2: 1 | B2: 4 | C2: 7 | E2: 2 | F2: 8
A3: 2 | B3: 5 | C3: 8 | E3: 3 | F3: 9
A4: 3 | B4: 6 | C4: 9

Sheet TableRows
A1: h | C1: 1
A2: 1 | C2: 2
A3: 2 | C3: 3
A4: 3 | C4: 4
A5: 4 | C5: 5
A6: 5

Sheet Shared
A1: =B1*2 -> 2 | B1: 1
A2: =B2*2 -> 4 | B2: 2 | D2: =E2*2 -> 0
A3: =B3*2 -> 6 | B3: 3 | D3: =E3*2 -> 0
A4: =B4*2 -> 8 | B4: 4 | D4: =E4*2 -> 0
D5: =E5*2 -> 0

Sheet Tile
A1: =ROW() -> 1 | B1: a | D1: =ROW() -> 1 | E1: =ROW() -> 1 | G1: =ROW() -> 1 | I1: =ROW() -> 1 | K1: =ROW() -> 1 | L1: a | M1: =ROW() -> 1 | N1: a | P1: =ROW() -> 1 | Q1: a | U1: =ROW() -> 1
A2: =B1 -> a | B2: b | D2: =ROW() -> 2 | E2: =ROW() -> 2 | G2: =H1 -> 0 | I2: =J1 -> 0 | K2: =L1 -> a | L2: b | M2: =N1 -> a | N2: b | P2: =Q1 -> a | Q2: b | U2: =V1 -> 0
A3: =C1 -> 0 | B3: c | D3: =ROW() -> 3 | E3: =ROW() -> 3 | G3: =ROW() -> 3 | K3: =ROW() -> 3 | L3: a | M3: =ROW() -> 3 | N3: a | U3: =W1 -> 0
G4: =H3 -> 0 | K4: =L3 -> a | L4: b | M4: =N3 -> a | N4: b
G5: =ROW() -> 5
G6: =H5 -> 0

Sheet Blanks

Sheet Sizes
A1: 1
A2: 2
A3: 3
D5: 1
D6: 2
D7: 3

Sheet WholeRows
A1: 1
A2: 2
A3: 3
A6: 1
A7: 2
A8: 3

Sheet WholeColumns
A1: 1 | D1: 1
A2: 2 | D2: 2
A3: 3 | D3: 3

Sheet IntoTable
A1: k | B1: n | E1: x
A2: x | B2: 1 | E2: y
A3: y | B3: 2
A4: c | B4: 3

Sheet PartOut
A1: k | B1: n | C1: calc
A2: a | B2: 1 | C2: =Part[[#This Row],[n]]*2 -> 2 | E2: a | F2: 1 | G2: =Part[[#This Row],[n]]*2 -> 2
A3: b | B3: 2 | C3: =Part[[#This Row],[n]]*2 -> 4 | E3: b | F3: 2 | G3: =Part[[#This Row],[n]]*2 -> 4
A4: c | B4: 3 | C4: =Part[[#This Row],[n]]*2 -> 6
