Workbook
Name Rate: Refs!$B$1

Sheet Kinds
A1: text | B1: bold
A2: 12.5 | B2: 5
A3: TRUE | B3: =B2*2 -> 10
A4: =NA() -> #N/A
A5: 43845
A7: 007

Sheet Refs
A1: =B1 -> 0
A2: =$B$1 -> 0
A3: =B$1 -> 0
A4: =$B1 -> 0
A5: =SUM(B1:B3) -> 0
A6: =SUM($B$1:B3) -> 0
A7: =Other!B1 -> 0
A8: =SUM(Jan:Mar!B1) -> 0
A9: =SUM(B:B) -> 0
A10: =SUM(2:3) -> 0
A11: =Rate -> 0
A12: ="B1"&B1 -> B1
A13: =LOG10(B1+10) -> 1
A14: =Refs!B1 -> 0
A15: =SUM(Other!B1:B2) -> 0

Sheet Other

Sheet Jan

Sheet Mar

Sheet OffSheet
A5: =A1 -> 0
A6: =B2 -> 0
A7: =SUM(A1:A3) -> 0
A8: =A$1 -> 0
A9: =SUM(A1:B2) -> 0
A10: =Other!A1 -> 0
A11: =SUM(Other!A1:A2) -> 0
A12: =SUM(Jan:Mar!A1) -> 0
A13: =Other!$A$1 -> 0
A14: =A$1+A1 -> 0
A15: =SUM(2:3) -> 0
A16: =SUM(B:B) -> 0

Sheet Merged
A1: wide
A2: tall
C3: c3

Sheet MergeEdge
A1: wide
A2: a2
A3: tall

Sheet MergedWhole
A1: 1 | B1: 4
A2: 2 | B2: 5
A3: 3 | B3: 6

Sheet MergedPart
A1: 1
A2: 2
A3: 3

Sheet Notes
A1: noted
A2: link | B2: moved box
A3: inside

Sheet Over
A1: a | C1: c
A2: b | C2: https://example.com/target

Sheet Rules
A1: 1 | B1: 5
A2: 2 | B2: 4
A3: 3 | B3: 3
A4: 4 | B4: 2
A5: 5 | B5: 1

Sheet Onto
A1: 1 | E1: x
A2: 2 | E2: y
A3: 3 | E3: z

Sheet From
A1: 1 | C1: 7
A2: 2 | C2: 8
A3: 3 | C3: 9

Sheet To

Sheet Overlap
A1: 1
A2: 2
A3: =A1+A2 -> 3
A4: 4
A5: 5

Sheet Arrays
A1: {=B1:B3*2} -> 2 | B1: 1 | C1: {=_xlfn.SEQUENCE(3)} -> 1
A2: 4 | B2: 2 | C2: 2
A3: 6 | B3: 3 | C3: 3

Sheet SpillAnchor
A1: {=_xlfn.SEQUENCE(3)} -> 1 | C1: x
A2: 2
A3: 3

Sheet SpillOver
A1: {=_xlfn.SEQUENCE(3)} -> 1 | C1: x
A2: 2
A3: 3

Sheet ArrayCut
A1: 1
A2: 2 | E2: {=A1:A2*2} -> 2
A3: 3 | E3: 4

Sheet ArrayWhole
A1: 1
A2: 2 | E2: {=A1:A2*2} -> 2
A3: 3 | E3: 4

Sheet Hidden
A1: h
A2: 1
A3: 2
A4: 3
A5: 4
A6: 5

Sheet Filtered
A1: h | B1: x
A2: 1 | B2: x
A3: 2 | B3: x
A4: 3 | B4: x
A5: 4 | B5: x
A6: 5 | B6: x

Sheet FilterHand
A1: h
A2: 1
A3: 2
A4: 3
A5: 4
A6: 5

Sheet HiddenColumn
A1: h | B1: g | C1: f
A2: 1 | B2: 4 | C2: 7
A3: 2 | B3: 5 | C3: 8
A4: 3 | B4: 6 | C4: 9

Sheet TableRows
A1: h
A2: 1
A3: 2
A4: 3
A5: 4
A6: 5

Sheet Shared
A1: =B1*2 -> 2 | B1: 1
A2: =B2*2 -> 4 | B2: 2
A3: =B3*2 -> 6 | B3: 3
A4: =B4*2 -> 8 | B4: 4

Sheet Tile
A1: =ROW() -> 1 | B1: a
A2: =B1 -> a | B2: b
A3: =C1 -> 0 | B3: c

Sheet Blanks
C1: 9
C2: 9
C3: 9

Sheet Sizes
A1: 1
A2: 2
A3: 3

Sheet WholeRows
A1: 1
A2: 2
A3: 3

Sheet WholeColumns
A1: 1
A2: 2
A3: 3

Sheet IntoTable
A1: k | B1: n | E1: x
A2: a | B2: 1 | E2: y
A3: b | B3: 2
A4: c | B4: 3

Sheet PartOut
A1: k | B1: n | C1: calc
A2: a | B2: 1 | C2: =Part[[#This Row],[n]]*2 -> 2
A3: b | B3: 2 | C3: =Part[[#This Row],[n]]*2 -> 4
A4: c | B4: 3 | C4: =Part[[#This Row],[n]]*2 -> 6
