Workbook
Name Rate: Other!$D$6

Sheet Other
G1: =Other!L4 -> 0 | H1: =SUM(H:H) -> 0 | I1: =G1+H2 -> 0
G2: =SUM(G1:H2) -> 0 | H2: =$G$1 -> 0 | I2: =$G1+G$1 -> 0
D6: 5
A10: =PasteLink!A1 -> 1 | B10: =PasteLink!B1 -> t
A11: =PasteLink!A2 -> 0 | B11: =PasteLink!B2 -> 1

Sheet Jan
B5: 1

Sheet Mar
B5: 2

Sheet All
A1: 10 | B1: 43845 | C1: merged | E1: 10 | F1: 43845 | G1: merged
A2: =A1*2 -> 20 | B2: =Other!A1+1 -> 1 | E2: =E1*2 -> 20 | F2: =Other!E1+1 -> 1
A3: t | B3: TRUE | C3: link | E3: t | F3: TRUE | G3: link
B4: =NA() -> #N/A | C4: =SUM(A1:A2) -> 30 | F4: =NA() -> #N/A | G4: =SUM(E1:E2) -> 30

Sheet Formulas
A1: 10 | B1: 43845 | C1: merged | E1: 10 | F1: 43845 | G1: merged
A2: =A1*2 -> 20 | B2: =Other!A1+1 -> 1 | E2: =E1*2 -> 20 | F2: =Other!E1+1 -> 1
A3: t | B3: TRUE | C3: link | E3: t | F3: TRUE | G3: link
B4: =NA() -> #N/A | C4: =SUM(A1:A2) -> 30 | F4: =NA() -> #N/A | G4: =SUM(E1:E2) -> 30

Sheet Values
A1: 10 | B1: 43845 | C1: merged | E1: 10 | F1: 43845 | G1: merged
A2: =A1*2 -> 20 | B2: =Other!A1+1 -> 1 | E2: 20 | F2: 1
A3: t | B3: TRUE | C3: link | E3: t | F3: TRUE | G3: link
B4: =NA() -> #N/A | C4: =SUM(A1:A2) -> 30 | F4: #N/A | G4: 30

Sheet Formats
A1: 10 | B1: 43845 | C1: merged | E1: 3 | F1: 3 | G1: 3
A2: =A1*2 -> 20 | B2: =Other!A1+1 -> 1 | E2: 3 | F2: 3 | G2: 3
A3: t | B3: TRUE | C3: link | E3: =E1+1 -> 4 | F3: 3 | G3: 3
B4: =NA() -> #N/A | C4: =SUM(A1:A2) -> 30 | F4: 3 | G4: 3

Sheet Comments
A1: 10 | B1: 43845 | C1: merged | E1: 3 | F1: 3 | G1: 3
A2: =A1*2 -> 20 | B2: =Other!A1+1 -> 1 | E2: 3 | F2: 3 | G2: 3
A3: t | B3: TRUE | C3: link | E3: =E1+1 -> 4 | F3: 3 | G3: 3
B4: =NA() -> #N/A | C4: =SUM(A1:A2) -> 30 | F4: 3 | G4: 3

Sheet Validation
A1: 10 | B1: 43845 | C1: merged | E1: 3 | F1: 3 | G1: 3
A2: =A1*2 -> 20 | B2: =Other!A1+1 -> 1 | E2: 3 | F2: 3 | G2: 3
A3: t | B3: TRUE | C3: link | E3: =E1+1 -> 4 | F3: 3 | G3: 3
B4: =NA() -> #N/A | C4: =SUM(A1:A2) -> 30 | F4: 3 | G4: 3

Sheet NoBorders
A1: 10 | B1: 43845 | C1: merged | E1: 10 | F1: 43845 | G1: merged
A2: =A1*2 -> 20 | B2: =Other!A1+1 -> 1 | E2: =E1*2 -> 20 | F2: =Other!E1+1 -> 1
A3: t | B3: TRUE | C3: link | E3: t | F3: TRUE | G3: link
B4: =NA() -> #N/A | C4: =SUM(A1:A2) -> 30 | F4: =NA() -> #N/A | G4: =SUM(E1:E2) -> 30

Sheet Widths
A1: 10 | B1: 43845 | C1: merged | E1: 3 | F1: 3 | G1: 3
A2: =A1*2 -> 20 | B2: =Other!A1+1 -> 1 | E2: 3 | F2: 3 | G2: 3
A3: t | B3: TRUE | C3: link | E3: =E1+1 -> 4 | F3: 3 | G3: 3
B4: =NA() -> #N/A | C4: =SUM(A1:A2) -> 30 | F4: 3 | G4: 3

Sheet FormulasNumbers
A1: 10 | B1: 43845 | C1: merged | E1: 10 | F1: 43845 | G1: merged
A2: =A1*2 -> 20 | B2: =Other!A1+1 -> 1 | E2: =E1*2 -> 20 | F2: =Other!E1+1 -> 1
A3: t | B3: TRUE | C3: link | E3: t | F3: TRUE | G3: link
B4: =NA() -> #N/A | C4: =SUM(A1:A2) -> 30 | F4: =NA() -> #N/A | G4: =SUM(E1:E2) -> 30

Sheet ValuesNumbers
A1: 10 | B1: 43845 | C1: merged | E1: 10 | F1: 43845 | G1: merged
A2: =A1*2 -> 20 | B2: =Other!A1+1 -> 1 | E2: 20 | F2: 1
A3: t | B3: TRUE | C3: link | E3: t | F3: TRUE | G3: link
B4: =NA() -> #N/A | C4: =SUM(A1:A2) -> 30 | F4: #N/A | G4: 30

Sheet MergingCF
A1: 10 | B1: 43845 | C1: merged | E1: 10 | F1: 43845 | G1: merged
A2: =A1*2 -> 20 | B2: =Other!A1+1 -> 1 | E2: =E1*2 -> 20 | F2: =Other!E1+1 -> 1
A3: t | B3: TRUE | C3: link | E3: t | F3: TRUE | G3: link
B4: =NA() -> #N/A | C4: =SUM(A1:A2) -> 30 | F4: =NA() -> #N/A | G4: =SUM(E1:E2) -> 30

Sheet SkipBlanks
A1: 10 | B1: 43845 | C1: merged | E1: 10 | F1: 43845 | G1: merged
A2: =A1*2 -> 20 | B2: =Other!A1+1 -> 1 | E2: =E1*2 -> 20 | F2: =Other!E1+1 -> 1
A3: t | B3: TRUE | C3: link | E3: t | F3: TRUE | G3: link
B4: =NA() -> #N/A | C4: =SUM(A1:A2) -> 30 | F4: =NA() -> #N/A | G4: =SUM(E1:E2) -> 30

Sheet Transpose
A1: 10 | B1: 43845 | C1: merged | E1: 10 | F1: =E1*2 -> 20 | G1: t
A2: =A1*2 -> 20 | B2: =Other!A1+1 -> 1 | E2: 43845 | F2: =Other!E1+1 -> 1 | G2: TRUE | H2: =NA() -> #N/A
A3: t | B3: TRUE | C3: link | E3: merged | G3: link | H3: =SUM(E1:F1) -> 30
B4: =NA() -> #N/A | C4: =SUM(A1:A2) -> 30 | F4: 3 | G4: 3

Sheet Add
A1: 10 | B1: 43845 | C1: merged | E1: 13 | F1: 43848 | G1: 3
A2: =A1*2 -> 20 | B2: =Other!A1+1 -> 1 | E2: 23 | F2: 4 | G2: 3
A3: t | B3: TRUE | C3: link | E3: =E1+1 -> 14 | F3: 3 | G3: 3
B4: =NA() -> #N/A | C4: =SUM(A1:A2) -> 30 | F4: 3 | G4: 33

Sheet Subtract
A1: 10 | B1: 43845 | C1: merged | E1: -7 | F1: -43842 | G1: 3
A2: =A1*2 -> 20 | B2: =Other!A1+1 -> 1 | E2: -17 | F2: 2 | G2: 3
A3: t | B3: TRUE | C3: link | E3: =E1+1 -> -6 | F3: 3 | G3: 3
B4: =NA() -> #N/A | C4: =SUM(A1:A2) -> 30 | F4: 3 | G4: -27

Sheet Multiply
A1: 10 | B1: 43845 | C1: merged | E1: 30 | F1: 131535 | G1: 3
A2: =A1*2 -> 20 | B2: =Other!A1+1 -> 1 | E2: 60 | F2: 3 | G2: 0
A3: t | B3: TRUE | C3: link | E3: =E1+1 -> 31 | F3: 3 | G3: 3
B4: =NA() -> #N/A | C4: =SUM(A1:A2) -> 30 | F4: 3 | G4: 90

Sheet Divide
A1: 10 | B1: 43845 | C1: merged | E1: 0.3 | F1: 6.8422853e-05 | G1: 3
A2: =A1*2 -> 20 | B2: =Other!A1+1 -> 1 | E2: 0.15 | F2: 3 | G2: #DIV/0!
A3: t | B3: TRUE | C3: link | E3: =E1+1 -> 1.3 | F3: 3 | G3: 3
B4: =NA() -> #N/A | C4: =SUM(A1:A2) -> 30 | F4: 3 | G4: 0.1

Sheet AllAdd
A1: 10 | B1: 43845 | C1: merged | E1: 13 | F1: 43848 | G1: 3
A2: =A1*2 -> 20 | B2: =Other!A1+1 -> 1 | E2: =3+(E1*2) -> 29 | F2: =3+(Other!E1+1) -> 4 | G2: 3
A3: t | B3: TRUE | C3: link | E3: =E1+1 -> 14 | F3: 3 | G3: 3
B4: =NA() -> #N/A | C4: =SUM(A1:A2) -> 30 | F4: =3+(NA()) -> #N/A | G4: =3+(SUM(E1:E2)) -> 45

Sheet BlankKinds
H1: 3
A2: ="x" -> x | E2: x | H2: x
A3: bold plain | E3: bold plain | H3: bold plain
A4: =""

Sheet FormatsPlain
A1: 1 | E1: 3
E2: 3
A3: 7 | B3: 7 | E3: m

Sheet ValuesMerged
A1: x | E1: x

Sheet ValuesMergeRefused
A1: 1 | B1: 2 | E1: m

Sheet NumbersMerged
A1: 1 | B1: 2 | E1: 1 | F1: 2

Sheet FormulasMerged
A1: 1 | B1: 1 | E1: 1 | F1: 1
E5: 1 | F5: 1

Sheet ValuesArrays
A1: {=_xlfn.SEQUENCE(3)} -> 1 | B1: {=A1:A3*2} -> 2 | E1: 1 | F1: 2 | H1: 2
A2: 2 | B2: 4 | E2: 2 | F2: 4 | H2: 3
A3: 3 | B3: 6 | E3: 3 | F3: 6

Sheet FormulasArrays
A1: {=_xlfn.SEQUENCE(3)} -> 1 | B1: {=A1:A3*2} -> 2 | E1: {=_xlfn.SEQUENCE(3)} -> 1 | F1: {=E1:E3*2} -> 2 | H1: {=G1:G3*2} -> 0
A2: 2 | B2: 4 | E2: 2 | F2: 4 | H2: 0
A3: 3 | B3: 6 | E3: 3 | F3: 6

Sheet ArrayWhole
A1: 1 | C1: 4 | E1: 1
A2: 1 | C2: 4 | E2: 1
A5: 1 | E5: 1

Sheet ArrayPart
A1: 1 | C1: 4 | E1: {=C1:C2*2} -> 8
C2: 4 | E2: 8

Sheet FormatsArrayPart
A1: 1 | C1: 4 | E1: {=C1:C2*2} -> 8
C2: 4 | E2: 8

Sheet NumberFormats
A1: 1 | E1: 1 | H1: 1
A2: =A1+1 -> 2 | E2: =E1+1 -> 2 | H2: 2

Sheet BesideCF
A1: 7 | E1: 3
A2: 7 | E2: 7
A3: 7 | E3: 7
E4: 7
E5: 3

Sheet SkipLayers
E1: 3
E2: 3
E3: 3
E4: 3
A5: 1 | E5: 1
E6: 3

Sheet SkipLinks
A1: 1 | E1: 1
E2: 3

Sheet SkipMerged
A1: 1 | E1: 1
A2: 1 | E2: 1
A4: src | E4: src

Sheet SkipFormats
E1: 3
A2: 1 | E2: 3

Sheet SkipRules
A1: 1 | C1: 1 | E1: 3 | G1: 3
E2: 3 | G2: 3
A3: 1 | C3: 1 | E3: 3 | G3: 3

Sheet SkipNotes
A1: 1 | E1: 3
E2: 3
E3: 3

Sheet SkipValues
E1: 3
A2: 1 | E2: 1
A3: =""

Sheet TransposeIn
A1: =B2 -> 0 | B1: =F20 -> 0
A2: =$B2 -> 0 | B2: =$F20 -> 0
A3: =B$2 -> 0 | B3: =F$20 -> 0
A4: =$B$2 -> 0 | B4: =$F$20 -> 0
A5: =SUM(A1:B2) -> 0 | B5: =SUM(F20:G21) -> 0
A6: =SUM($A$1:B2) -> 0 | B6: =SUM($F$20:G21) -> 0
A7: =SUM(A1:B20) -> 0 | B7: =SUM(F:F) -> 0
A8: =SUM(A:A) -> 0 | B8: =SUM($F:$F) -> 0
A9: =SUM($A:$A) -> 0 | B9: =SUM(20:20) -> 0
A10: =SUM(5:5) -> 0 | B10: =Other!$B$2 -> 0
D12: =E13 -> 0 | E12: =E$13 -> 0 | F12: =$E13 -> 0 | G12: =$E$13 -> 0 | H12: =SUM(D12:E13) -> 0 | I12: =SUM($D$12:E13) -> 0 | J12: =SUM(D12:W13) -> 0 | K12: =SUM($D12:$XFD12) -> 0 | L12: =SUM($D$12:$XFD$12) -> 0 | M12: =SUM(H$12:H$1048576) -> 0
D13: =W17 -> 0 | E13: =$F20 -> 0 | F13: =F$20 -> 0 | G13: =$F$20 -> 0 | H13: =SUM(W17:X18) -> 0 | I13: =SUM($W$17:X18) -> 0 | J13: =SUM($D17:$XFD17) -> 0 | K13: =SUM($F:$F) -> 0 | L13: =SUM(W$12:W$1048576) -> 0 | M13: =Other!$B$2 -> 0

Sheet TransposeMore
B3: =Other!B$2 -> 0 | C3: =B2 -> 0
B4: =Other!F$20 -> 0 | C4: =$B2 -> 0
B5: =SUM($5:$5) -> 0 | C5: =B$2 -> 0
B6: =SUM(A$1:A$3) -> 0 | C6: =$B$2 -> 0
B7: =SUM($A1:$B1) -> 0 | C7: =SUM(A1:B2) -> 0
B8: =SUM(B2:F20) -> 0 | C8: =SUM($A$1:B2) -> 0
B9: =A1:B2 -> #VALUE! | C9: =SUM(A1:B20) -> 0
B10: =SUM(Other!A:A) -> 1 | C10: =SUM(A:A) -> 0
B11: =ROW(B3) -> 3 | C11: =SUM($A:$A) -> 0
B12: =$A1+A$1 -> 0 | C12: =SUM(5:5) -> 0
E15: =Other!B$2 -> 0 | F15: =Other!F$20 -> 0 | G15: =SUM($5:$5) -> 0 | H15: =SUM(A$1:A$3) -> 0 | I15: =SUM($A1:$B1) -> 0 | J15: =SUM(D15:V19) -> 0 | K15: =C14:D15 -> #VALUE! | L15: =SUM(Other!$C14:$XFD14) -> 0 | M15: =ROW(E15) -> 15 | N15: =$A1+A$1 -> 0
E16: =D15 -> 0 | F16: =$B2 -> 0 | G16: =B$2 -> 0 | H16: =$B$2 -> 0 | I16: =SUM(C14:D15) -> 0 | J16: =SUM($C$14:D15) -> 0 | K16: =SUM(C14:V15) -> 0 | L16: =SUM($C14:$XFD14) -> 0 | M16: =SUM($A:$A) -> 0 | N16: =SUM(G$14:G$1048576) -> 0

Sheet TransposeOff
A1: =TransposeOff!$A$2 -> 0 | B1: =#REF! -> #REF! | C1: =SUM(#REF!) -> #REF! | D1: =SUM($A$1:$B$3) -> #REF! | E1: =SUM($A:A) -> 0 | F1: ="B5"&A1 -> B50
A2: =SUM(Jan:Mar!A1) -> 0 | B2: =SUM(#REF!) -> #REF! | C2: =SUM(#REF!) -> #REF! | D2: =SUM(G3:$P$5) -> 0 | E2: =SUM(A$1:B$1) -> #REF! | F2: =Rate -> 5
B5: =TransposeOff!$C$5 -> 3 | C5: =SUM(Jan:Mar!B5) -> 3
B6: =A1 -> 0 | C6: =SUM(D:D) -> #REF!
B7: =SUM(12:12) -> 0 | C7: =SUM($A$1:$B$5) -> #REF!
B8: =SUM($B$5:$D$6) -> #REF! | C8: =SUM(D11:$F$20) -> 0
B9: =SUM($A:A) -> 0 | C9: =SUM($B5:$B6) -> 3
B10: ="B5"&B5 -> B53 | C10: =Rate -> 5

Sheet TransposeMeet
B3: =SUM($A$4:$D$4) -> 0 | C3: =SUM($A$4:$B$4) -> 0
B4: =SUM($A$3:$D$12) -> 0 | C4: =SUM($C$2:$C$20) -> 0
B5: =SUM($B:B) -> 0 | C5: =SUM(B:$B) -> 0
E15: =SUM($A$4:$D$4) -> 0 | F15: =SUM($A$3:$D$12) -> 0 | G15: =SUM($B:B) -> 0
E16: =SUM($F$14:$F$15) -> 0 | F16: =SUM($C$2:$C$20) -> 0 | G16: =SUM(B:$B) -> 0
A20: =SUM($5:$5) -> 0 | B20: =SUM($20:$21) -> 0
A21: =SUM($A:$A) -> 0 | B21: =SUM($9:$9) -> 0
E25: =SUM($5:$5) -> 0 | F25: =SUM($A:$A) -> 0
E26: =SUM($E$25:$F$1048576) -> 0 | F26: =SUM($9:$9) -> 0

Sheet TransposeAway
A1: =Other!D6 -> 5 | B1: =SUM(A1:B2) -> 0 | G1: =Other!L4 -> 0 | H1: =SUM(H:H) -> 0 | I1: =G1+H2 -> 0
A2: =SUM(2:2) -> 0 | B2: =$A$1 -> 5 | G2: =SUM(G1:H2) -> 0 | H2: =$G$1 -> 0 | I2: =$G1+G$1 -> 0
A3: =A1+B2 -> 10 | B3: =A$1+$A1 -> 10

Sheet TransposeRules
A1: 1 | B1: 1 | E1: 1 | F1: 1 | G1: 1
A2: 1 | B2: 1 | E2: 1 | F2: 1 | G2: 1
A3: 1 | B3: 1

Sheet TransposeArray
A1: {=B1:B3*2} -> 4 | B1: 2 | E1: {=E2:G2*2} -> 0 | F1: 0 | G1: 0
A2: 4 | B2: 2
A3: 4 | B3: 2

Sheet TransposeSpill
A1: {=_xlfn.SEQUENCE(3)} -> 1
A2: 2
A3: 3
E5: {=_xlfn.SEQUENCE(3)} -> 1
E6: 2
E7: 3

Sheet TransposeTiles
A1: 1 | B1: 2 | E1: 1 | F1: 1
E2: 2 | F2: 2
E3: 1 | F3: 1
E4: 2 | F4: 2

Sheet TransposeOverlap
A1: 1 | B1: 1
A2: 1 | B2: 1
A3: 1 | B3: 1

Sheet TransposeSquare
A1: 1 | B1: 2
A2: 3 | B2: =A1+B1 -> 3

Sheet OpThere
A1: 10 | E1: 13
A2: 10 | E2: 10
A3: 10 | E3: t
A4: 10 | E4: TRUE
A5: 10 | E5: #DIV/0!
A6: 10 | E6: =(1+1)+10 -> 12
A7: 10 | E7: 43855
A8: 10 | E8: 10.1
A9: 10 | E9: 5

Sheet OpThereAll
A1: 10 | E1: 30
A2: 10 | E2: 0
A3: 10 | E3: t
A4: 10 | E4: TRUE
A5: 10 | E5: #DIV/0!
A6: 10 | E6: =(1+1)*10 -> 20
A7: 10 | E7: 438450
A8: 10 | E8: 1
A9: 10 | E9: -50

Sheet OpComing
A1: 10 | E1: 0.3
E2: #DIV/0!
A3: t | E3: 3
A4: TRUE | E4: 3
A5: #DIV/0! | E5: 3
A6: =2*5 -> 10 | E6: 0.3
A7: 43845 | E7: 6.8422853e-05
A8: 0 | E8: #DIV/0!

Sheet OpComingAll
A1: 10 | E1: -7
E2: 3
A3: t | E3: 3
A4: TRUE | E4: 3
A5: #DIV/0! | E5: 3
A6: =2*5 -> 10 | E6: =3-(2*5) -> -7
A7: 43845 | E7: -43842
A8: 0 | E8: 3

Sheet OpFloats
A1: 0.2 | E1: 0.3
A2: -0.1 | E2: 0.2
A3: 0.3 | E3: 1e+15
A4: 0.6 | E4: 1.2345679e+14
A5: 3 | E5: 1.3333333

Sheet OpFormulas
A1: =$B$1*2 -> 10 | B1: 5 | E1: =(1+1)+($B$1*2) -> 12
A2: =$B$1*2 -> 10 | E2: =0+($B$1*2) -> 10
A3: =$B$1*2 -> 10 | E3: t
A4: =$B$1*2 -> 10 | E4: =-5+($B$1*2) -> 5
A5: =$B$1*2 -> 10 | E5: =0.1+($B$1*2) -> 10.1
A6: =$B$1*2 -> 10 | E6: =100000000000000000000+($B$1*2) -> 1e+20
A7: =$B$1*2 -> 10 | E7: #N/A
A11: =B11*2 -> 10 | B11: 5 | E11: =(1+1)+(F11*2) -> 2
A12: =B12*2 -> 10 | B12: 5 | E12: TRUE

Sheet OpFormulasSubtract
A1: =$B$1*2 -> 10 | B1: 5 | E1: =(1+1)-($B$1*2) -> -8
A2: =$B$1*2 -> 10 | E2: =0-($B$1*2) -> -10
A3: =$B$1*2 -> 10 | E3: =4-($B$1*2) -> -6

Sheet OpNumbers
A1: =$B$1*2 -> 10 | B1: 5 | E1: =1E+21+($B$1*2) -> 1e+21
A2: =$B$1*2 -> 10 | E2: =1.5E+300+($B$1*2) -> 1.5e+300
A3: =$B$1*2 -> 10 | E3: =0.0000000001+($B$1*2) -> 10
A4: =$B$1*2 -> 10 | E4: =0.000001+($B$1*2) -> 10.000001
A5: =$B$1*2 -> 10 | E5: =0.333333333333333+($B$1*2) -> 10.333333
A6: =$B$1*2 -> 10 | E6: =123456789012346000+($B$1*2) -> 1.2345679e+17
A7: =$B$1*2 -> 10 | E7: =9007199254740990+($B$1*2) -> 9.0071993e+15
A8: =$B$1*2 -> 10 | E8: =-0.5+($B$1*2) -> 9.5
A9: =$B$1*2 -> 10 | E9: =1000000000000000+($B$1*2) -> 1e+15
A10: =$B$1*2 -> 10 | E10: =12345.6789+($B$1*2) -> 12355.679
A11: =$B$1*2 -> 10 | E11: =0.00001+($B$1*2) -> 10.00001
A12: =$B$1*2 -> 10 | E12: =100000000000000000000+($B$1*2) -> 1e+20
A13: =$B$1*2 -> 10 | E13: =999999999999999000000+($B$1*2) -> 1e+21
A14: =$B$1*2 -> 10 | E14: =1.5E+21+($B$1*2) -> 1.5e+21
A15: =$B$1*2 -> 10 | E15: =0.0000001+($B$1*2) -> 10
A16: =$B$1*2 -> 10 | E16: =0.0000000000000000001+($B$1*2) -> 10
A17: =$B$1*2 -> 10 | E17: =1E-20+($B$1*2) -> 10
A18: =$B$1*2 -> 10 | E18: =1.23456789012345E-12+($B$1*2) -> 10
A19: =$B$1*2 -> 10 | E19: =0.000123456789012345+($B$1*2) -> 10.000123
A20: =$B$1*2 -> 10 | E20: =1E-300+($B$1*2) -> 10
A21: =$B$1*2 -> 10 | E21: =-1E-20+($B$1*2) -> 10
A22: =$B$1*2 -> 10 | E22: =-1E+25+($B$1*2) -> -1e+25
A23: =$B$1*2 -> 10 | E23: =0.142857142857143+($B$1*2) -> 10.142857
A24: =$B$1*2 -> 10 | E24: =0.666666666666667+($B$1*2) -> 10.666667
A25: =$B$1*2 -> 10 | E25: =1234567890123460+($B$1*2) -> 1.2345679e+15
A26: =$B$1*2 -> 10 | E26: =-123.456+($B$1*2) -> -113.456
A27: =$B$1*2 -> 10 | E27: =-100000000000000000000+($B$1*2) -> -1e+20
A28: =$B$1*2 -> 10 | E28: =-0.0000000000000000001+($B$1*2) -> 10
A29: =$B$1*2 -> 10 | E29: =1.2345E-17+($B$1*2) -> 10
A30: =$B$1*2 -> 10 | E30: =0.000000000000000001+($B$1*2) -> 10
A31: =$B$1*2 -> 10 | E31: =9.99999999999999E+307+($B$1*2) -> 1e+308
A32: =$B$1*2 -> 10 | E32: =1.23456789012345E-07+($B$1*2) -> 10
A33: =$B$1*2 -> 10 | E33: =1000000000000000+($B$1*2) -> 1e+15
A34: =$B$1*2 -> 10 | E34: =1000000000000010+($B$1*2) -> 1e+15
A35: =$B$1*2 -> 10 | E35: =1000000000000020+($B$1*2) -> 1e+15
A36: =$B$1*2 -> 10 | E36: =0.000000123+($B$1*2) -> 10
A37: =$B$1*2 -> 10 | E37: =0.3+($B$1*2) -> 10.3
A38: =$B$1*2 -> 10 | E38: =1234567890.12346+($B$1*2) -> 1.2345679e+09
A39: =$B$1*2 -> 10 | E39: =12345678901234600000+($B$1*2) -> 1.2345679e+19
A40: =$B$1*2 -> 10 | E40: =0.5+($B$1*2) -> 10.5

Sheet OpNumbersComing
A1: 1e+21 | E1: =(1+1)+1E+21 -> 1e+21
A2: 1.5e+300 | E2: =(1+1)+1.5E+300 -> 1.5e+300
A3: 1e-10 | E3: =(1+1)+0.0000000001 -> 2
A4: 0.33333333 | E4: =(1+1)+0.333333333333333 -> 2.3333333
A5: -0.5 | E5: =(1+1)+-0.5 -> 1.5
A6: 1e-05 | E6: =(1+1)+0.00001 -> 2.00001
A7: 0.3 | E7: =(1+1)+0.3 -> 2.3
A8: 1.2345679e+15 | E8: =(1+1)+1234567890123460 -> 1.2345679e+15
A9: 1e-20 | E9: =(1+1)+1E-20 -> 2
A10: 1.2345679e-12 | E10: =(1+1)+1.23456789012345E-12 -> 2

Sheet OpText
A1: 10 | E1: =("a")+10 -> #VALUE!
A2: 10 | E2: =(1/0)+10 -> #DIV/0!
A4: ="x" -> x | E4: =3+("x") -> #VALUE!
A5: =1/0 -> #DIV/0! | E5: =3+(1/0) -> #DIV/0!
A6: ="x" -> x | E6: 3

Sheet OpBlanks
E1: =(1+1)+0 -> 2 | G1: =1+1 -> 2
E2: =(1+1)+0 -> 2 | G2: =1+1 -> 2

Sheet OpArrays
A1: {=C1:C2*2} -> 8 | B1: {=_xlfn.SEQUENCE(2)} -> 1 | C1: 4 | E1: =3+(G1:G2*2) -> 3 | F1: =3+(_xlfn.SEQUENCE(2)) -> 4
A2: 8 | B2: 2 | C2: 4 | E2: =3+(G2:G3*2) -> 3 | F2: =3+(_xlfn.SEQUENCE(2)) -> 4

Sheet OpOntoArray
A1: 1 | C1: 4 | E1: {=C1:C2*2} -> 8
A2: 1 | C2: 4 | E2: 8

Sheet OpOverflow
A1: 1e+300 | E1: #NUM!
A2: 0 | E2: #DIV/0!

Sheet OpTransposed
A1: 1 | E1: 11 | F1: 22
A2: 2

Sheet RowsFormats
A1: 1
A2: 1
A6: 9

Sheet RowsValues
A1: 1
A2: 1
A5: 1
A6: 1

Sheet RowsNoBorders
A1: 1
A2: 1
A5: 1
A6: 1

Sheet ColumnsValues
A1: 1 | B1: 1 | E1: 1 | F1: 1

Sheet ColumnsFormats
A1: 1 | B1: 1

Sheet ColumnsWidths
A1: 1 | B1: 1

Sheet ColumnFormatCells
B1: 1 | F1: 9
B2: 2
F5: 9

Sheet RowFormatCells
A2: 1 | B2: 2
A6: 9 | E6: 9

Sheet BlankStyles
C1: 1
A2: 1
E5: 1 | H5: 1

Sheet ColumnsStyled
A1: 1 | B1: 1 | E1: 1 | F1: 1

Sheet WidthsHidden
A1: 1 | B1: 1 | C1: 1

Sheet LinksStay
A1: 1 | E1: 1
A2: 1 | E2: 3

Sheet PasteLink
A1: 1 | B1: t | E1: =A1 -> 1 | F1: =B1 -> t | H1: =$A$1 -> 1
B2: =A1 -> 1 | E2: =A2 -> 0 | F2: =B2 -> 1

Sheet LinkOver
A1: 1 | B1: 2 | E1: =A1 -> 1 | F1: =B1 -> 2
E2: =A2 -> 0 | F2: =B2 -> 0

Sheet LinkTiles
A1: 1 | E1: =$A$1 -> 1 | G1: =A1 -> 1
A2: 2 | E2: =$A$1 -> 1 | G2: =A2 -> 2
E3: =$A$1 -> 1 | G3: =A3 -> 0
G4: =A4 -> 0

Sheet LinkFiltered
A1: h | C1: =$A$1 -> h
A2: 1
A3: 2
A4: 3 | C4: =A6 -> 5
A5: 4
A6: 5

Sheet LinkMerged
A1: 1 | B1: 1 | E1: =A1 -> 1

Sheet FilterValues
A1: h | C1: h
A2: 1 | C2: 3
A3: 2 | C3: 4
A4: 3 | C4: 5
A5: 4
A6: 5

Sheet TileValues
A1: 1 | E1: 1
A2: 2 | E2: 2
E3: 1
E4: 2

Sheet TableValues
A1: k | B1: n | H1: k | I1: n
A2: 1 | B2: 1 | E2: 1 | F2: 1 | H2: 1 | I2: 1
A3: 1 | B3: 1 | E3: 1 | F3: 1 | H3: 1 | I3: 1
A4: 1 | B4: 1 | H4: 1 | I4: 1

Sheet ShapeValues
A1: 1 | B1: 1 | E1: 1 | F1: 1
A2: 1 | B2: 1 | E2: 1 | F2: 1
A3: 1 | B3: 1 | E3: 1 | F3: 1

Sheet ShapeFormats
A1: 1 | B1: 1
A2: 1 | B2: 1
A3: 1 | B3: 1

Sheet FormatsMergeAnchor
A1: 1 | E1: m

Sheet CommentsMerged
A1: 1 | E1: m
