Workbook
Name Rate: Other!$D$6

Sheet Other
D6: 5

Sheet Jan
B5: 1

Sheet Mar
B5: 2

Sheet All
A1: 10 | B1: 43845 | C1: merged | E1: 3 | F1: 3 | G1: 3
A2: =A1*2 -> 20 | B2: =Other!A1+1 -> 1 | E2: 3 | F2: 3 | G2: 3
A3: t | B3: TRUE | C3: link | E3: =E1+1 -> 4 | F3: 3 | G3: 3
B4: =NA() -> #N/A | C4: =SUM(A1:A2) -> 30 | F4: 3 | G4: 3

Sheet Formulas
A1: 10 | B1: 43845 | C1: merged | E1: 3 | F1: 3 | G1: 3
A2: =A1*2 -> 20 | B2: =Other!A1+1 -> 1 | E2: 3 | F2: 3 | G2: 3
A3: t | B3: TRUE | C3: link | E3: =E1+1 -> 4 | F3: 3 | G3: 3
B4: =NA() -> #N/A | C4: =SUM(A1:A2) -> 30 | F4: 3 | G4: 3

Sheet Values
A1: 10 | B1: 43845 | C1: merged | E1: 3 | F1: 3 | G1: 3
A2: =A1*2 -> 20 | B2: =Other!A1+1 -> 1 | E2: 3 | F2: 3 | G2: 3
A3: t | B3: TRUE | C3: link | E3: =E1+1 -> 4 | F3: 3 | G3: 3
B4: =NA() -> #N/A | C4: =SUM(A1:A2) -> 30 | F4: 3 | G4: 3

Sheet Formats
A1: 10 | B1: 43845 | C1: merged | E1: 3 | F1: 3 | G1: 3
A2: =A1*2 -> 20 | B2: =Other!A1+1 -> 1 | E2: 3 | F2: 3 | G2: 3
A3: t | B3: TRUE | C3: link | E3: =E1+1 -> 4 | F3: 3 | G3: 3
B4: =NA() -> #N/A | C4: =SUM(A1:A2) -> 30 | F4: 3 | G4: 3

Sheet Comments
A1: 10 | B1: 43845 | C1: merged | E1: 3 | F1: 3 | G1: 3
A2: =A1*2 -> 20 | B2: =Other!A1+1 -> 1 | E2: 3 | F2: 3 | G2: 3
A3: t | B3: TRUE | C3: link | E3: =E1+1 -> 4 | F3: 3 | G3: 3
B4: =NA() -> #N/A | C4: =SUM(A1:A2) -> 30 | F4: 3 | G4: 3

Sheet Validation
A1: 10 | B1: 43845 | C1: merged | E1: 3 | F1: 3 | G1: 3
A2: =A1*2 -> 20 | B2: =Other!A1+1 -> 1 | E2: 3 | F2: 3 | G2: 3
A3: t | B3: TRUE | C3: link | E3: =E1+1 -> 4 | F3: 3 | G3: 3
B4: =NA() -> #N/A | C4: =SUM(A1:A2) -> 30 | F4: 3 | G4: 3

Sheet NoBorders
A1: 10 | B1: 43845 | C1: merged | E1: 3 | F1: 3 | G1: 3
A2: =A1*2 -> 20 | B2: =Other!A1+1 -> 1 | E2: 3 | F2: 3 | G2: 3
A3: t | B3: TRUE | C3: link | E3: =E1+1 -> 4 | F3: 3 | G3: 3
B4: =NA() -> #N/A | C4: =SUM(A1:A2) -> 30 | F4: 3 | G4: 3

Sheet Widths
A1: 10 | B1: 43845 | C1: merged | E1: 3 | F1: 3 | G1: 3
A2: =A1*2 -> 20 | B2: =Other!A1+1 -> 1 | E2: 3 | F2: 3 | G2: 3
A3: t | B3: TRUE | C3: link | E3: =E1+1 -> 4 | F3: 3 | G3: 3
B4: =NA() -> #N/A | C4: =SUM(A1:A2) -> 30 | F4: 3 | G4: 3

Sheet FormulasNumbers
A1: 10 | B1: 43845 | C1: merged | E1: 3 | F1: 3 | G1: 3
A2: =A1*2 -> 20 | B2: =Other!A1+1 -> 1 | E2: 3 | F2: 3 | G2: 3
A3: t | B3: TRUE | C3: link | E3: =E1+1 -> 4 | F3: 3 | G3: 3
B4: =NA() -> #N/A | C4: =SUM(A1:A2) -> 30 | F4: 3 | G4: 3

Sheet ValuesNumbers
A1: 10 | B1: 43845 | C1: merged | E1: 3 | F1: 3 | G1: 3
A2: =A1*2 -> 20 | B2: =Other!A1+1 -> 1 | E2: 3 | F2: 3 | G2: 3
A3: t | B3: TRUE | C3: link | E3: =E1+1 -> 4 | F3: 3 | G3: 3
B4: =NA() -> #N/A | C4: =SUM(A1:A2) -> 30 | F4: 3 | G4: 3

Sheet MergingCF
A1: 10 | B1: 43845 | C1: merged | E1: 3 | F1: 3 | G1: 3
A2: =A1*2 -> 20 | B2: =Other!A1+1 -> 1 | E2: 3 | F2: 3 | G2: 3
A3: t | B3: TRUE | C3: link | E3: =E1+1 -> 4 | F3: 3 | G3: 3
B4: =NA() -> #N/A | C4: =SUM(A1:A2) -> 30 | F4: 3 | G4: 3

Sheet SkipBlanks
A1: 10 | B1: 43845 | C1: merged | E1: 3 | F1: 3 | G1: 3
A2: =A1*2 -> 20 | B2: =Other!A1+1 -> 1 | E2: 3 | F2: 3 | G2: 3
A3: t | B3: TRUE | C3: link | E3: =E1+1 -> 4 | F3: 3 | G3: 3
B4: =NA() -> #N/A | C4: =SUM(A1:A2) -> 30 | F4: 3 | G4: 3

Sheet Transpose
A1: 10 | B1: 43845 | C1: merged | E1: 3 | F1: 3 | G1: 3
A2: =A1*2 -> 20 | B2: =Other!A1+1 -> 1 | E2: 3 | F2: 3 | G2: 3
A3: t | B3: TRUE | C3: link | E3: =E1+1 -> 4 | F3: 3 | G3: 3
B4: =NA() -> #N/A | C4: =SUM(A1:A2) -> 30 | F4: 3 | G4: 3

Sheet Add
A1: 10 | B1: 43845 | C1: merged | E1: 3 | F1: 3 | G1: 3
A2: =A1*2 -> 20 | B2: =Other!A1+1 -> 1 | E2: 3 | F2: 3 | G2: 3
A3: t | B3: TRUE | C3: link | E3: =E1+1 -> 4 | F3: 3 | G3: 3
B4: =NA() -> #N/A | C4: =SUM(A1:A2) -> 30 | F4: 3 | G4: 3

Sheet Subtract
A1: 10 | B1: 43845 | C1: merged | E1: 3 | F1: 3 | G1: 3
A2: =A1*2 -> 20 | B2: =Other!A1+1 -> 1 | E2: 3 | F2: 3 | G2: 3
A3: t | B3: TRUE | C3: link | E3: =E1+1 -> 4 | F3: 3 | G3: 3
B4: =NA() -> #N/A | C4: =SUM(A1:A2) -> 30 | F4: 3 | G4: 3

Sheet Multiply
A1: 10 | B1: 43845 | C1: merged | E1: 3 | F1: 3 | G1: 3
A2: =A1*2 -> 20 | B2: =Other!A1+1 -> 1 | E2: 3 | F2: 3 | G2: 3
A3: t | B3: TRUE | C3: link | E3: =E1+1 -> 4 | F3: 3 | G3: 3
B4: =NA() -> #N/A | C4: =SUM(A1:A2) -> 30 | F4: 3 | G4: 3

Sheet Divide
A1: 10 | B1: 43845 | C1: merged | E1: 3 | F1: 3 | G1: 3
A2: =A1*2 -> 20 | B2: =Other!A1+1 -> 1 | E2: 3 | F2: 3 | G2: 3
A3: t | B3: TRUE | C3: link | E3: =E1+1 -> 4 | F3: 3 | G3: 3
B4: =NA() -> #N/A | C4: =SUM(A1:A2) -> 30 | F4: 3 | G4: 3

Sheet AllAdd
A1: 10 | B1: 43845 | C1: merged | E1: 3 | F1: 3 | G1: 3
A2: =A1*2 -> 20 | B2: =Other!A1+1 -> 1 | E2: 3 | F2: 3 | G2: 3
A3: t | B3: TRUE | C3: link | E3: =E1+1 -> 4 | F3: 3 | G3: 3
B4: =NA() -> #N/A | C4: =SUM(A1:A2) -> 30 | F4: 3 | G4: 3

Sheet BlankKinds
E1: 3 | H1: 3
A2: ="x" -> x | E2: 3 | H2: 3
A3: bold plain | E3: 3 | H3: 3
A4: ="" | E4: 3 | H4: 3

Sheet FormatsPlain
A1: 1 | E1: 3
E2: 3
A3: 7 | B3: 7 | E3: m

Sheet ValuesMerged
A1: x | E1: m

Sheet ValuesMergeRefused
A1: 1 | B1: 2 | E1: m

Sheet NumbersMerged
A1: 1 | B1: 2 | E1: m

Sheet FormulasMerged
A1: 1 | B1: 1 | E1: m
E5: m

Sheet ValuesArrays
A1: {=_xlfn.SEQUENCE(3)} -> 1 | B1: {=A1:A3*2} -> 2
A2: 2 | B2: 4
A3: 3 | B3: 6

Sheet FormulasArrays
A1: {=_xlfn.SEQUENCE(3)} -> 1 | B1: {=A1:A3*2} -> 2
A2: 2 | B2: 4
A3: 3 | B3: 6

Sheet ArrayWhole
A1: 1 | C1: 4 | E1: {=C1:C2*2} -> 8
A2: 1 | C2: 4 | E2: 8
A5: 1 | E5: {=_xlfn.SEQUENCE(3)} -> 1
E6: 2
E7: 3

Sheet ArrayPart
A1: 1 | C1: 4 | E1: {=C1:C2*2} -> 8
C2: 4 | E2: 8

Sheet FormatsArrayPart
A1: 1 | C1: 4 | E1: {=C1:C2*2} -> 8
C2: 4 | E2: 8

Sheet NumberFormats
A1: 1 | E1: 3 | H1: 3
A2: =A1+1 -> 2 | E2: 3 | H2: 3
E3: 3 | H3: 3

Sheet BesideCF
A1: 7 | E1: 3
A2: 7 | E2: 3
A3: 7 | E3: 3
E4: 3
E5: 3

Sheet SkipLayers
E1: 3
E2: 3
E3: 3
E4: 3
A5: 1 | E5: 3
E6: 3

Sheet SkipLinks
A1: 1 | E1: 3
E2: 3

Sheet SkipMerged
A1: 1 | E1: m
A2: 1
A4: src

Sheet SkipFormats
E1: 3
A2: 1 | E2: 3

Sheet SkipRules
A1: 1 | C1: 1 | E1: 3 | G1: 3
E2: 3 | G2: 3
A3: 1 | C3: 1 | E3: 3 | G3: 3

Sheet SkipNotes
A1: 1 | E1: 3
E2: 3
E3: 3

Sheet SkipValues
E1: 3
A2: 1 | E2: 3
A3: ="" | E3: 3

Sheet TransposeIn
A1: =B2 -> 0 | B1: =F20 -> 0
A2: =$B2 -> 0 | B2: =$F20 -> 0
A3: =B$2 -> 0 | B3: =F$20 -> 0
A4: =$B$2 -> 0 | B4: =$F$20 -> 0
A5: =SUM(A1:B2) -> 0 | B5: =SUM(F20:G21) -> 0
A6: =SUM($A$1:B2) -> 0 | B6: =SUM($F$20:G21) -> 0
A7: =SUM(A1:B20) -> 0 | B7: =SUM(F:F) -> 0
A8: =SUM(A:A) -> 0 | B8: =SUM($F:$F) -> 0
A9: =SUM($A:$A) -> 0 | B9: =SUM(20:20) -> 0
A10: =SUM(5:5) -> 0 | B10: =Other!$B$2 -> 0

Sheet TransposeMore
B3: =Other!B$2 -> 0 | C3: =B2 -> 0
B4: =Other!F$20 -> 0 | C4: =$B2 -> 0
B5: =SUM($5:$5) -> 0 | C5: =B$2 -> 0
B6: =SUM(A$1:A$3) -> 0 | C6: =$B$2 -> 0
B7: =SUM($A1:$B1) -> 0 | C7: =SUM(A1:B2) -> 0
B8: =SUM(B2:F20) -> 0 | C8: =SUM($A$1:B2) -> 0
B9: =A1:B2 -> #VALUE! | C9: =SUM(A1:B20) -> 0
B10: =SUM(Other!A:A) -> 0 | C10: =SUM(A:A) -> 0
B11: =ROW(B3) -> 3 | C11: =SUM($A:$A) -> 0
B12: =$A1+A$1 -> 0 | C12: =SUM(5:5) -> 0

Sheet TransposeOff
B5: =TransposeOff!$C$5 -> 3 | C5: =SUM(Jan:Mar!B5) -> 3
B6: =A1 -> 0 | C6: =SUM(D:D) -> 0
B7: =SUM(12:12) -> 0 | C7: =SUM($A$1:$B$5) -> 3
B8: =SUM($B$5:$D$6) -> 6 | C8: =SUM(D11:$F$20) -> 0
B9: =SUM($A:A) -> 0 | C9: =SUM($B5:$B6) -> 3
B10: ="B5"&B5 -> B53 | C10: =Rate -> 5

Sheet TransposeMeet
B3: =SUM($A$4:$D$4) -> 0 | C3: =SUM($A$4:$B$4) -> 0
B4: =SUM($A$3:$D$12) -> 0 | C4: =SUM($C$2:$C$20) -> 0
B5: =SUM($B:B) -> 0 | C5: =SUM(B:$B) -> 0
A20: =SUM($5:$5) -> 0 | B20: =SUM($20:$21) -> 0
A21: =SUM($A:$A) -> 0 | B21: =SUM($9:$9) -> 0

Sheet TransposeAway
A1: =Other!D6 -> 5 | B1: =SUM(A1:B2) -> 0
A2: =SUM(2:2) -> 0 | B2: =$A$1 -> 5
A3: =A1+B2 -> 10 | B3: =A$1+$A1 -> 10

Sheet TransposeRules
A1: 1 | B1: 1
A2: 1 | B2: 1
A3: 1 | B3: 1

Sheet TransposeArray
A1: {=B1:B3*2} -> 4 | B1: 2
A2: 4 | B2: 2
A3: 4 | B3: 2

Sheet TransposeSpill
A1: {=_xlfn.SEQUENCE(3)} -> 1
A2: 2
A3: 3

Sheet TransposeTiles
A1: 1 | B1: 2

Sheet TransposeOverlap
A1: 1 | B1: 1
A2: 1 | B2: 1
A3: 1 | B3: 1

Sheet TransposeSquare
A1: 1 | B1: 2
A2: 3 | B2: =A1+B1 -> 3

Sheet OpThere
A1: 10 | E1: 3
A2: 10
A3: 10 | E3: t
A4: 10 | E4: TRUE
A5: 10 | E5: #DIV/0!
A6: 10 | E6: =1+1 -> 2
A7: 10 | E7: 43845
A8: 10 | E8: 0.1
A9: 10 | E9: -5

Sheet OpThereAll
A1: 10 | E1: 3
A2: 10
A3: 10 | E3: t
A4: 10 | E4: TRUE
A5: 10 | E5: #DIV/0!
A6: 10 | E6: =1+1 -> 2
A7: 10 | E7: 43845
A8: 10 | E8: 0.1
A9: 10 | E9: -5

Sheet OpComing
A1: 10 | E1: 3
E2: 3
A3: t | E3: 3
A4: TRUE | E4: 3
A5: #DIV/0! | E5: 3
A6: =2*5 -> 10 | E6: 3
A7: 43845 | E7: 3
A8: 0 | E8: 3

Sheet OpComingAll
A1: 10 | E1: 3
E2: 3
A3: t | E3: 3
A4: TRUE | E4: 3
A5: #DIV/0! | E5: 3
A6: =2*5 -> 10 | E6: 3
A7: 43845 | E7: 3
A8: 0 | E8: 3

Sheet OpFloats
A1: 0.2 | E1: 0.1
A2: -0.1 | E2: 0.3
A3: 0.3 | E3: 1e+15
A4: 0.6 | E4: 123456789012345
A5: 3 | E5: 1

Sheet OpFormulas
A1: =$B$1*2 -> 10 | B1: 5 | E1: =1+1 -> 2
A2: =$B$1*2 -> 10
A3: =$B$1*2 -> 10 | E3: t
A4: =$B$1*2 -> 10 | E4: -5
A5: =$B$1*2 -> 10 | E5: 0.1
A6: =$B$1*2 -> 10 | E6: 1e+20
A7: =$B$1*2 -> 10 | E7: #N/A
A11: =B11*2 -> 10 | B11: 5 | E11: =1+1 -> 2
A12: =B12*2 -> 10 | B12: 5 | E12: TRUE

Sheet OpFormulasSubtract
A1: =$B$1*2 -> 10 | B1: 5 | E1: =1+1 -> 2
A2: =$B$1*2 -> 10
A3: =$B$1*2 -> 10 | E3: 4

Sheet OpNumbers
A1: =$B$1*2 -> 10 | B1: 5 | E1: 1e+21
A2: =$B$1*2 -> 10 | E2: 1.5e+300
A3: =$B$1*2 -> 10 | E3: 1e-10
A4: =$B$1*2 -> 10 | E4: 1e-06
A5: =$B$1*2 -> 10 | E5: 0.33333333
A6: =$B$1*2 -> 10 | E6: 1.2345679e+17
A7: =$B$1*2 -> 10 | E7: 9.0071993e+15
A8: =$B$1*2 -> 10 | E8: -0.5
A9: =$B$1*2 -> 10 | E9: 1e+15
A10: =$B$1*2 -> 10 | E10: 12345.679
A11: =$B$1*2 -> 10 | E11: 1e-05
A12: =$B$1*2 -> 10 | E12: 1e+20
A13: =$B$1*2 -> 10 | E13: 1e+21
... A40: =$B$1*2 -> 10 | E40: 0.5

Sheet OpNumbersComing
A1: 1e+21 | E1: =1+1 -> 2
A2: 1.5e+300 | E2: =1+1 -> 2
A3: 1e-10 | E3: =1+1 -> 2
A4: 0.33333333 | E4: =1+1 -> 2
A5: -0.5 | E5: =1+1 -> 2
A6: 1e-05 | E6: =1+1 -> 2
A7: 0.3 | E7: =1+1 -> 2
A8: 1.2345679e+15 | E8: =1+1 -> 2
A9: 1e-20 | E9: =1+1 -> 2
A10: 1.2345679e-12 | E10: =1+1 -> 2

Sheet OpText
A1: 10 | E1: ="a" -> a
A2: 10 | E2: =1/0 -> #DIV/0!
A4: ="x" -> x | E4: 3
A5: =1/0 -> #DIV/0! | E5: 3
A6: ="x" -> x | E6: 3

Sheet OpBlanks
E1: =1+1 -> 2 | G1: =1+1 -> 2
E2: =1+1 -> 2 | G2: =1+1 -> 2

Sheet OpArrays
A1: {=C1:C2*2} -> 8 | B1: {=_xlfn.SEQUENCE(2)} -> 1 | C1: 4 | E1: 3 | F1: 3
A2: 8 | B2: 2 | C2: 4 | E2: 3 | F2: 3

Sheet OpOntoArray
A1: 1 | C1: 4 | E1: {=C1:C2*2} -> 8
A2: 1 | C2: 4 | E2: 8

Sheet OpOverflow
A1: 1e+300 | E1: 1e+300
A2: 0 | E2: 0

Sheet OpTransposed
A1: 1 | E1: 10 | F1: 20
A2: 2

Sheet RowsFormats
A1: 1
A2: 1
A6: 9

Sheet RowsValues
A1: 1
A2: 1
A6: 9

Sheet RowsNoBorders
A1: 1
A2: 1
A6: 9

Sheet ColumnsValues
A1: 1 | B1: 1

Sheet ColumnsFormats
A1: 1 | B1: 1

Sheet ColumnsWidths
A1: 1 | B1: 1

Sheet ColumnFormatCells
B1: 1 | F1: 9
B2: 2
F5: 9

Sheet RowFormatCells
A2: 1 | B2: 2
A6: 9 | E6: 9

Sheet BlankStyles
C1: 1
A2: 1

Sheet ColumnsStyled
A1: 1 | B1: 1

Sheet WidthsHidden
A1: 1 | B1: 1 | C1: 1

Sheet LinksStay
A1: 1 | E1: 3
A2: 1 | E2: 3

Sheet PasteLink
A1: 1 | B1: t
B2: =A1 -> 1

Sheet LinkOver
A1: 1 | B1: 2 | F1: 9
F2: https://example.com/kept

Sheet LinkTiles
A1: 1
A2: 2

Sheet LinkFiltered
A1: h
A2: 1
A3: 2
A4: 3
A5: 4
A6: 5

Sheet LinkMerged
A1: 1 | B1: 1 | E1: m

Sheet FilterValues
A1: h
A2: 1
A3: 2
A4: 3
A5: 4
A6: 5

Sheet TileValues
A1: 1
A2: 2

Sheet TableValues
A1: k | B1: n
A2: 1 | B2: 1
A3: 1 | B3: 1
A4: 1 | B4: 1

Sheet ShapeValues
A1: 1 | B1: 1
A2: 1 | B2: 1
A3: 1 | B3: 1

Sheet ShapeFormats
A1: 1 | B1: 1
A2: 1 | B2: 1
A3: 1 | B3: 1

Sheet FormatsMergeAnchor
A1: 1 | E1: m

Sheet CommentsMerged
A1: 1 | E1: m
